CustomerID,CustomerEmail,CustomerPhone,CustomerName,StartTime,ServiceName,Password
b06388e2-4774-4dab-8744-710005b67e4f,isaacsemail1234@gmail.com,1234567890,Test Name,2025-04-10T11:30:00,Personal Nap,9876
b06388e2-4774-4dab-8744-710005b67e4f,isaacsemail1234@gmail.com,123456789,John Smith,2025-04-10T10:30:00,Personal Nap,1234
b06388e2-4774-4dab-8744-710005b67e4f,isaacsemail1234@gmail.com,123456789,John Smith,2025-04-11T09:30:00,Personal Nap,2468
b06388e2-4774-4dab-8744-710005b67e4f,isaacsemail1234@gmail.com,123456789,John Smith,2025-04-11T09:30:00,Personal Nap,2468
b06388e2-4774-4dab-8744-710005b67e4f,isaacsemail1234@gmail.com,123456789,John Smith,2025-04-11T09:30:00,Personal Nap,2468
b06388e2-4774-4dab-8744-710005b67e4f,isaacsemail1234@gmail.com,123456789,John Smith,2025-04-12T16:30:00,Personal Nap,6789
b06388e2-4774-4dab-8744-710005b67e4f,isaacsemail1234@gmail.com,123456789,John Smith,2025-04-12T14:00:00,Personal Nap,2345,
b06388e2-4774-4dab-8744-710005b67e4f,isaacsemail1234@gmail.com,9377012638,Isaac,2025-04-17T13:00:00,Personal Nap,1234,
b06388e2-4774-4dab-8744-710005b67e4f,isaacsemail1234@gmail.com,123456789,Adrian,2025-04-28T12:30:00,Personal Nap,1234,
b06388e2-4774-4dab-8744-710005b67e4f,isaacsemail1234@gmail.com,123456789,Dr.Metzler,2025-04-28T14:00:00,Personal Nap,1234,
b06388e2-4774-4dab-8744-710005b67e4f,isaacsemail1234@gmail.com,123456789,Nathan,2025-04-28T15:00:00,Personal Nap,1234,
b06388e2-4774-4dab-8744-710005b67e4f,isaacsemail1234@gmail.com,123456789,Isaac,2025-04-28T12:00:00,Personal Nap,1234